Link Name,Center of Mass X,Center of Mass Y,Center of Mass Z,Center of Mass Roll,Center of Mass Pitch,Center of Mass Yaw,Mass,Moment Ixx,Moment Ixy,Moment Ixz,Moment Iyy,Moment Iyz,Moment Izz,Visual X,Visual Y,Visual Z,Visual Roll,Visual Pitch,Visual Yaw,Mesh Filename,Color Red,Color Green,Color Blue,Color Alpha,Collision X,Collision Y,Collision Z,Collision Roll,Collision Pitch,Collision Yaw,Collision Mesh Filename,Material Name,SW Components,Coordinate System,Axis Name,Joint Name,Joint Type,Joint Origin X,Joint Origin Y,Joint Origin Z,Joint Origin Roll,Joint Origin Pitch,Joint Origin Yaw,Parent,Joint Axis X,Joint Axis Y,Joint Axis Z,Limit Effort,Limit Velocity,Limit Lower,Limit Upper,Calibration rising,Calibration falling,Dynamics Damping,Dynamics Friction,Safety Soft Upper,Safety Soft Lower,Safety K Position,Safety K Velocity
base_link,-7.5941E-18,-2.4845E-17,0.012548,0,0,0,16.965,0.22003,-2.1472E-17,-2.1829E-17,0.22003,-2.6241E-17,0.43262,0,0,0,0,0,0,package://ShipComponent400WeldingSceneURDF/meshes/base_link.STL,0.52941,0.54902,0.54902,1,0,0,0,0,0,0,package://ShipComponent400WeldingSceneURDF/meshes/base_link.STL,,ShipWeldComponent-1,Origin_global,,,,0,0,0,0,0,0,,0,0,0,,,,,,,,,,,,
S1,0,1.73472347597681E-18,2.77555756156289E-17,0,0,0,0.0001275,5.31250000000002E-10,0,0,5.31250000000002E-10,3.59861040566813E-42,5.31250000000002E-10,0,0,0,0,0,0,package://ShipComponent400WeldingSceneURDF/meshes/S1.STL,0.694117647058824,0.0980392156862745,0.0980392156862745,1,0,0,0,0,0,0,package://ShipComponent400WeldingSceneURDF/meshes/S1.STL,,WeldPointStart-1,Origin_jf1,Axis_jf1,jf1,fixed,-0.1725,-0.122499999999999,0.0125,1.5707963267949,0,0,base_link,0,0,0,,,,,,,,,,,,
E1,0,1.73472347597681E-18,-2.77555756156289E-17,0,0,0,0.0001275,5.31250000000001E-10,-1.75775880167519E-26,1.87700515878082E-26,5.31250000000002E-10,-5.96231785528162E-28,5.31250000000002E-10,0,0,0,0,0,0,package://ShipComponent400WeldingSceneURDF/meshes/E1.STL,0.00784313725490196,0.23921568627451,0.823529411764706,1,0,0,0,0,0,0,package://ShipComponent400WeldingSceneURDF/meshes/E1.STL,,WeldPointEnd-1,Origin_jf2,Axis_jf2,jf2,fixed,-0.1725,0.1225,0.0125,1.5707963267949,0,0,base_link,0,0,0,,,,,,,,,,,,
S2,-2.77555756156289E-17,-1.73472347597681E-18,-2.77555756156289E-17,0,0,0,0.0001275,5.31249999999999E-10,1.18428676835359E-25,9.41674467471676E-25,5.3125E-10,-2.21406891786125E-25,5.31250000000001E-10,0,0,0,0,0,0,package://ShipComponent400WeldingSceneURDF/meshes/S2.STL,0.694117647058824,0.0980392156862745,0.0980392156862745,1,0,0,0,0,0,0,package://ShipComponent400WeldingSceneURDF/meshes/S2.STL,,WeldPointStart-18,Origin_jf3,Axis_jf3,jf3,fixed,-0.122499999999999,0.1725,0.0125,-1.5707963267949,0,-1.5707963267949,base_link,0,0,0,,,,,,,,,,,,
E2,-2.77555756156289E-17,-1.73472347597681E-18,-1.38777878078145E-17,0,0,0,0.0001275,5.31250000000001E-10,8.51953448421294E-27,1.02931266518489E-24,5.31250000000002E-10,-9.40135335657718E-26,5.31250000000001E-10,0,0,0,0,0,0,package://ShipComponent400WeldingSceneURDF/meshes/E2.STL,0.00784313725490196,0.23921568627451,0.823529411764706,1,0,0,0,0,0,0,package://ShipComponent400WeldingSceneURDF/meshes/E2.STL,,WeldPointEnd-24,Origin_jf4,Axis_jf4,jf4,fixed,0.122500000000001,0.1725,0.0125,-1.5707963267949,0,-1.5707963267949,base_link,0,0,0,,,,,,,,,,,,
S3,-2.77555756156289E-17,1.73472347597681E-18,0,0,0,0,0.0001275,5.31250000000001E-10,1.05536356075015E-25,1.19986514219198E-24,5.31250000000002E-10,-6.02954234566175E-26,5.31250000000001E-10,0,0,0,0,0,0,package://ShipComponent400WeldingSceneURDF/meshes/S3.STL,0.694117647058824,0.0980392156862745,0.0980392156862745,1,0,0,0,0,0,0,package://ShipComponent400WeldingSceneURDF/meshes/S3.STL,,WeldPointStart-19,Origin_jf5,Axis_jf5,jf5,fixed,0.172500000000001,0.122499999999998,0.0125,1.5707963267949,0,3.14159265358979,base_link,0,0,0,,,,,,,,,,,,
E3,-2.77555756156289E-17,1.73472347597681E-18,1.38777878078145E-17,0,0,0,0.0001275,5.31250000000001E-10,1.23967793007269E-25,1.22785091224592E-24,5.31250000000002E-10,-7.33461497658852E-26,5.31250000000001E-10,0,0,0,0,0,0,package://ShipComponent400WeldingSceneURDF/meshes/E3.STL,0.00784313725490196,0.23921568627451,0.823529411764706,1,0,0,0,0,0,0,package://ShipComponent400WeldingSceneURDF/meshes/E3.STL,,WeldPointEnd-25,Origin_jf6,Axis_jf6,jf6,fixed,0.172499999999999,-0.122500000000002,0.0125000000000001,1.5707963267949,0,3.14159265358979,base_link,0,0,0,,,,,,,,,,,,
S4,-2.77555756156289E-17,1.73472347597681E-18,1.38777878078145E-17,0,0,0,0.0001275,5.31250000000001E-10,5.99034198800366E-26,-2.01982831536947E-27,5.31250000000002E-10,-3.0276684893785E-26,5.31250000000002E-10,0,0,0,0,0,0,package://ShipComponent400WeldingSceneURDF/meshes/S4.STL,0.694117647058824,0.0980392156862745,0.0980392156862745,1,0,0,0,0,0,0,package://ShipComponent400WeldingSceneURDF/meshes/S4.STL,,WeldPointStart-20,Origin_jf7,Axis_jf7,jf7,fixed,0.122499999999998,-0.172500000000001,0.0125,1.5707963267949,0,1.5707963267949,base_link,0,0,0,,,,,,,,,,,,
E4,-2.77555756156289E-17,1.73472347597681E-18,-1.38777878078145E-17,0,0,0,0.0001275,5.31250000000002E-10,2.11483538207021E-26,-1.38634665003488E-26,5.31250000000002E-10,-3.83809373144348E-26,5.31250000000002E-10,0,0,0,0,0,0,package://ShipComponent400WeldingSceneURDF/meshes/E4.STL,0.00784313725490196,0.23921568627451,0.823529411764706,1,0,0,0,0,0,0,package://ShipComponent400WeldingSceneURDF/meshes/E4.STL,,WeldPointEnd-26,Origin_jf8,Axis_jf8,jf8,fixed,-0.122500000000002,-0.172499999999999,0.0125,1.5707963267949,0,1.5707963267949,base_link,0,0,0,,,,,,,,,,,,
S5,-2.77555756156289E-17,1.73472347597681E-18,0,0,0,0,0.0001275,5.31249999999999E-10,5.63035298542055E-26,-3.79624802920477E-26,5.31249999999999E-10,4.87849113971936E-27,5.3125E-10,0,0,0,0,0,0,package://ShipComponent400WeldingSceneURDF/meshes/S5.STL,0.694117647058824,0.0980392156862745,0.0980392156862745,1,0,0,0,0,0,0,package://ShipComponent400WeldingSceneURDF/meshes/S5.STL,,WeldPointStart-23,Origin_jf9,Axis_jf9,jf9,fixed,-0.122500000000002,-0.157499999999999,0.0125,1.5707963267949,0,1.5707963267949,base_link,0,0,0,,,,,,,,,,,,
E5,0,1.73472347597681E-18,1.38777878078145E-17,0,0,0,0.0001275,5.31250000000002E-10,2.11483538207021E-26,-1.38634665003488E-26,5.31250000000002E-10,-3.83809373144348E-26,5.31250000000002E-10,0,0,0,0,0,0,package://ShipComponent400WeldingSceneURDF/meshes/E5.STL,0.00784313725490196,0.23921568627451,0.823529411764706,1,0,0,0,0,0,0,package://ShipComponent400WeldingSceneURDF/meshes/E5.STL,,WeldPointEnd-23,Origin_jf10,Axis_jf10,jf10,fixed,0.122499999999998,-0.157500000000001,0.0125,1.5707963267949,0,1.5707963267949,base_link,0,0,0,,,,,,,,,,,,
S6,-2.77555756156289E-17,1.73472347597681E-18,0,0,0,0,0.0001275,5.31250000000001E-10,1.05536356075015E-25,1.19986514219198E-24,5.31250000000002E-10,-6.02954234566175E-26,5.31250000000001E-10,0,0,0,0,0,0,package://ShipComponent400WeldingSceneURDF/meshes/S6.STL,0.694117647058824,0.0980392156862745,0.0980392156862745,1,0,0,0,0,0,0,package://ShipComponent400WeldingSceneURDF/meshes/S6.STL,,WeldPointStart-22,Origin_jf11,Axis_jf11,jf11,fixed,0.157499999999999,-0.122500000000002,0.0125000000000001,1.5707963267949,0,3.14159265358979,base_link,0,0,0,,,,,,,,,,,,
E6,-2.77555756156289E-17,1.73472347597681E-18,1.38777878078145E-17,0,0,0,0.0001275,5.31250000000001E-10,1.23967793007269E-25,1.22785091224592E-24,5.31250000000002E-10,-7.33461497658852E-26,5.31250000000002E-10,0,0,0,0,0,0,package://ShipComponent400WeldingSceneURDF/meshes/E6.STL,0.00784313725490196,0.23921568627451,0.823529411764706,1,0,0,0,0,0,0,package://ShipComponent400WeldingSceneURDF/meshes/E6.STL,,WeldPointEnd-22,Origin_jf12,Axis_jf12,jf12,fixed,0.157500000000001,0.122499999999998,0.0125,1.5707963267949,0,3.14159265358979,base_link,0,0,0,,,,,,,,,,,,
S7,0,-1.73472347597681E-18,0,0,0,0,0.0001275,5.31249999999999E-10,-2.47434493544609E-26,2.98455117381296E-25,5.3125E-10,2.21177937018952E-26,5.31250000000001E-10,0,0,0,0,0,0,package://ShipComponent400WeldingSceneURDF/meshes/S7.STL,0.694117647058824,0.0980392156862745,0.0980392156862745,1,0,0,0,0,0,0,package://ShipComponent400WeldingSceneURDF/meshes/S7.STL,,WeldPointStart-21,Origin_jf13,Axis_jf13,jf13,fixed,0.122500000000001,0.1575,0.0125,-1.5707963267949,0,-1.5707963267949,base_link,0,0,0,,,,,,,,,,,,
E7,0,-1.73472347597681E-18,-2.77555756156289E-17,0,0,0,0.0001275,5.31249999999999E-10,8.32735008018553E-26,9.13525577400944E-25,5.3125E-10,-2.17056649683035E-25,5.31250000000001E-10,0,0,0,0,0,0,package://ShipComponent400WeldingSceneURDF/meshes/E7.STL,0.00784313725490196,0.23921568627451,0.823529411764706,1,0,0,0,0,0,0,package://ShipComponent400WeldingSceneURDF/meshes/E7.STL,,WeldPointEnd-21,Origin_jf14,Axis_jf14,jf14,fixed,-0.122499999999999,0.1575,0.0125,-1.5707963267949,0,-1.5707963267949,base_link,0,0,0,,,,,,,,,,,,
S8,0,1.73472347597681E-18,-2.77555756156289E-17,0,0,0,0.0001275,5.31250000000002E-10,0,0,5.31250000000002E-10,3.884863506119E-42,5.31250000000002E-10,0,0,0,0,0,0,package://ShipComponent400WeldingSceneURDF/meshes/S8.STL,0.694117647058824,0.0980392156862745,0.0980392156862745,1,0,0,0,0,0,0,package://ShipComponent400WeldingSceneURDF/meshes/S8.STL,,WeldPointStart-17,Origin_jf15,Axis_jf15,jf15,fixed,-0.1575,0.1225,0.0125,1.5707963267949,0,0,base_link,0,0,0,,,,,,,,,,,,
E8,0,1.73472347597681E-18,1.38777878078145E-17,0,0,0,0.0001275,5.31250000000002E-10,-1.75775880167519E-26,1.87700515878082E-26,5.31250000000002E-10,-5.96231785528164E-28,5.31250000000002E-10,0,0,0,0,0,0,package://ShipComponent400WeldingSceneURDF/meshes/E8.STL,0.00784313725490196,0.23921568627451,0.823529411764706,1,0,0,0,0,0,0,package://ShipComponent400WeldingSceneURDF/meshes/E8.STL,,WeldPointEnd-20,Origin_jf16,Axis_jf16,jf16,fixed,-0.1575,-0.122499999999999,0.0125,1.5707963267949,0,0,base_link,0,0,0,,,,,,,,,,,,
S9,8.67361737988404E-19,1.73472347597681E-18,1.38777878078145E-17,0,0,0,0.0001275,5.31250000000001E-10,-2.92840252548797E-26,2.84554854292991E-25,5.31250000000001E-10,-6.95111419227441E-26,5.31250000000001E-10,0,0,0,0,0,0,package://ShipComponent400WeldingSceneURDF/meshes/S9.STL,0.694117647058824,0.0980392156862745,0.0980392156862745,1,0,0,0,0,0,0,package://ShipComponent400WeldingSceneURDF/meshes/S9.STL,,WeldPointStart-12,Origin_jf17,Axis_jf17,jf17,fixed,-0.00749999999999933,0.0875000000000001,0.0125,1.5707963267949,0,-3.14159265358979,base_link,0,0,0,,,,,,,,,,,,
E9,8.67361737988404E-19,1.73472347597681E-18,8.67361737988404E-19,0,0,0,0.0001275,5.3125E-10,-3.53419651889735E-26,2.49520650194765E-26,5.3125E-10,1.71843345899587E-26,5.3125E-10,0,0,0,0,0,0,package://ShipComponent400WeldingSceneURDF/meshes/E9.STL,0.00784313725490196,0.23921568627451,0.823529411764706,1,0,0,0,0,0,0,package://ShipComponent400WeldingSceneURDF/meshes/E9.STL,,WeldPointEnd-15,Origin_jf18,Axis_jf18,jf18,fixed,-0.00749999999999988,0.00750000000000005,0.0125,1.5707963267949,0,-3.14159265358979,base_link,0,0,0,,,,,,,,,,,,
S10,0,1.73472347597681E-18,8.67361737988404E-19,0,0,0,0.0001275,5.3125E-10,-5.50693625305259E-26,-6.16770385208732E-26,5.3125E-10,-4.50217650563966E-26,5.3125E-10,0,0,0,0,0,0,package://ShipComponent400WeldingSceneURDF/meshes/S10.STL,0.694117647058824,0.0980392156862745,0.0980392156862745,1,0,0,0,0,0,0,package://ShipComponent400WeldingSceneURDF/meshes/S10.STL,,WeldPointStart-15,Origin_jf19,Axis_jf19,jf19,fixed,-0.0124999999999999,0.00750000000000008,0.0125,1.5707963267949,0,-3.14159265358979,base_link,0,0,0,,,,,,,,,,,,
E10,1.38777878078145E-17,1.73472347597681E-18,8.67361737988404E-19,0,0,0,0.0001275,5.31250000000001E-10,9.01085773830641E-26,-2.3701521209951E-25,5.31250000000001E-10,-1.33629822104798E-26,5.31250000000001E-10,0,0,0,0,0,0,package://ShipComponent400WeldingSceneURDF/meshes/E10.STL,0.00784313725490196,0.23921568627451,0.823529411764706,1,0,0,0,0,0,0,package://ShipComponent400WeldingSceneURDF/meshes/E10.STL,,WeldPointEnd-12,Origin_jf20,Axis_jf20,jf20,fixed,-0.0874999999999999,0.0075000000000006,0.0125,1.5707963267949,0,-3.14159265358979,base_link,0,0,0,,,,,,,,,,,,
S11,0,0,1.73472347597681E-18,0,0,0,0.0001275,5.3125E-10,9.02892931065691E-27,2.76661776965964E-27,5.3125E-10,-8.15889119188994E-27,5.3125E-10,0,0,0,0,0,0,package://ShipComponent400WeldingSceneURDF/meshes/S11.STL,0.694117647058824,0.0980392156862745,0.0980392156862745,1,0,0,0,0,0,0,package://ShipComponent400WeldingSceneURDF/meshes/S11.STL,,WeldPointStart-9,Origin_jf21,Axis_jf21,jf21,fixed,-0.00749999999999988,0.00750000000000005,0.0175,1.5707963267949,0,-3.14159265358979,base_link,0,0,0,,,,,,,,,,,,
E11,0,6.93889390390723E-18,0,0,0,0,0.0001275,5.31250000000001E-10,6.14230787053575E-26,-7.45218011616682E-26,5.3125E-10,-7.15574544093E-26,5.31250000000001E-10,0,0,0,0,0,0,package://ShipComponent400WeldingSceneURDF/meshes/E11.STL,0.00784313725490196,0.23921568627451,0.823529411764706,1,0,0,0,0,0,0,package://ShipComponent400WeldingSceneURDF/meshes/E11.STL,,WeldPointEnd-18,Origin_jf22,Axis_jf22,jf22,fixed,-0.00749999999999989,0.00750000000000005,0.0575,1.5707963267949,0,-3.14159265358979,base_link,0,0,0,,,,,,,,,,,,
S12,8.67361737988404E-19,1.73472347597681E-18,1.38777878078145E-17,0,0,0,0.0001275,5.31250000000001E-10,6.19306069464152E-27,-1.50759831658818E-25,5.31250000000001E-10,-5.47660617601327E-26,5.31250000000001E-10,0,0,0,0,0,0,package://ShipComponent400WeldingSceneURDF/meshes/S12.STL,0.694117647058824,0.0980392156862745,0.0980392156862745,1,0,0,0,0,0,0,package://ShipComponent400WeldingSceneURDF/meshes/S12.STL,,WeldPointStart-13,Origin_jf23,Axis_jf23,jf23,fixed,0.0875000000000001,0.00749999999999902,0.0125,1.5707963267949,0,1.5707963267949,base_link,0,0,0,,,,,,,,,,,,
E12,8.67361737988404E-19,1.73472347597681E-18,1.73472347597681E-18,0,0,0,0.0001275,5.3125E-10,8.49699031117307E-27,-1.64873085922346E-26,5.3125E-10,-2.42187449596923E-26,5.3125E-10,0,0,0,0,0,0,package://ShipComponent400WeldingSceneURDF/meshes/E12.STL,0.00784313725490196,0.23921568627451,0.823529411764706,1,0,0,0,0,0,0,package://ShipComponent400WeldingSceneURDF/meshes/E12.STL,,WeldPointEnd-16,Origin_jf24,Axis_jf24,jf24,fixed,0.00750000000000007,0.00749999999999985,0.0125,1.5707963267949,0,1.5707963267949,base_link,0,0,0,,,,,,,,,,,,
S13,1.73472347597681E-18,1.73472347597681E-18,8.67361737988404E-19,0,0,0,0.0001275,5.3125E-10,3.7248860956812E-27,-7.68117161866006E-26,5.3125E-10,4.54953753217877E-26,5.3125E-10,0,0,0,0,0,0,package://ShipComponent400WeldingSceneURDF/meshes/S13.STL,0.694117647058824,0.0980392156862745,0.0980392156862745,1,0,0,0,0,0,0,package://ShipComponent400WeldingSceneURDF/meshes/S13.STL,,WeldPointStart-16,Origin_jf25,Axis_jf25,jf25,fixed,0.00750000000000012,0.0124999999999998,0.0125,1.5707963267949,0,1.5707963267949,base_link,0,0,0,,,,,,,,,,,,
E13,1.38777878078145E-17,1.73472347597681E-18,1.73472347597681E-18,0,0,0,0.0001275,5.31250000000001E-10,2.7052173463065E-26,1.36524189259992E-25,5.31250000000001E-10,-1.73069561100947E-26,5.31250000000001E-10,0,0,0,0,0,0,package://ShipComponent400WeldingSceneURDF/meshes/E13.STL,0.00784313725490196,0.23921568627451,0.823529411764706,1,0,0,0,0,0,0,package://ShipComponent400WeldingSceneURDF/meshes/E13.STL,,WeldPointEnd-13,Origin_jf26,Axis_jf26,jf26,fixed,0.0075000000000009,0.0874999999999998,0.0125,1.5707963267949,0,1.5707963267949,base_link,0,0,0,,,,,,,,,,,,
S14,-0.005,0.00500000000000001,-5.11743425413158E-17,0,0,0,0.0001275,5.3125E-10,-8.52486468284018E-27,-5.47886862235047E-26,5.3125E-10,1.72519881378775E-26,5.3125E-10,0,0,0,0,0,0,package://ShipComponent400WeldingSceneURDF/meshes/S14.STL,0.694117647058824,0.0980392156862745,0.0980392156862745,1,0,0,0,0,0,0,package://ShipComponent400WeldingSceneURDF/meshes/S14.STL,,WeldPointStart-10,Origin_jf27,Axis_jf27,jf27,fixed,0.00750000000000012,0.0124999999999998,0.0125,1.5707963267949,0,1.5707963267949,base_link,0,0,0,,,,,,,,,,,,
E14,0,6.93889390390723E-18,1.73472347597681E-18,0,0,0,0.0001275,5.31250000000001E-10,3.8992557688074E-27,-1.42291752887238E-26,5.3125E-10,5.67574062744715E-26,5.31250000000001E-10,0,0,0,0,0,0,package://ShipComponent400WeldingSceneURDF/meshes/E14.STL,0.00784313725490196,0.23921568627451,0.823529411764706,1,0,0,0,0,0,0,package://ShipComponent400WeldingSceneURDF/meshes/E14.STL,,WeldPointEnd-19,Origin_jf28,Axis_jf28,jf28,fixed,0.00750000000000007,0.00749999999999985,0.0575,1.5707963267949,0,1.5707963267949,base_link,0,0,0,,,,,,,,,,,,
S15,8.67361737988404E-19,1.73472347597681E-18,1.38777878078145E-17,0,0,0,0.0001275,5.31250000000001E-10,0,0,5.31250000000001E-10,0,5.31250000000001E-10,0,0,0,0,0,0,package://ShipComponent400WeldingSceneURDF/meshes/S15.STL,0.694117647058824,0.0980392156862745,0.0980392156862745,1,0,0,0,0,0,0,package://ShipComponent400WeldingSceneURDF/meshes/S15.STL,,WeldPointStart-5,Origin_jf29,Axis_jf29,jf29,fixed,0.00749999999999994,-0.0875,0.0125,1.5707963267949,0,0,base_link,0,0,0,,,,,,,,,,,,
E15,0,1.73472347597681E-18,8.67361737988404E-19,0,0,0,0.0001275,5.3125E-10,-1.75775880167518E-26,1.38235776991902E-26,5.3125E-10,-1.06657991671567E-26,5.3125E-10,0,0,0,0,0,0,package://ShipComponent400WeldingSceneURDF/meshes/E15.STL,0.00784313725490196,0.23921568627451,0.823529411764706,1,0,0,0,0,0,0,package://ShipComponent400WeldingSceneURDF/meshes/E15.STL,,WeldPointEnd-8,Origin_jf30,Axis_jf30,jf30,fixed,0.00749999999999993,-0.0075,0.0125,1.5707963267949,0,0,base_link,0,0,0,,,,,,,,,,,,
S16,1.73472347597681E-18,1.73472347597681E-18,0,0,0,0,0.0001275,5.3125E-10,0,-3.51551760335037E-26,5.3125E-10,0,5.3125E-10,0,0,0,0,0,0,package://ShipComponent400WeldingSceneURDF/meshes/S16.STL,0.694117647058824,0.0980392156862745,0.0980392156862745,1,0,0,0,0,0,0,package://ShipComponent400WeldingSceneURDF/meshes/S16.STL,,WeldPointStart-6,Origin_jf31,Axis_jf31,jf31,fixed,0.0124999999999999,-0.0075,0.0125,1.5707963267949,0,0,base_link,0,0,0,,,,,,,,,,,,
E16,1.38777878078145E-17,1.73472347597681E-18,1.73472347597681E-18,0,0,0,0.0001275,5.31250000000001E-10,-1.75775880167518E-26,1.19246357105642E-27,5.31250000000001E-10,-1.06657991671567E-26,5.31250000000001E-10,0,0,0,0,0,0,package://ShipComponent400WeldingSceneURDF/meshes/E16.STL,0.00784313725490196,0.23921568627451,0.823529411764706,1,0,0,0,0,0,0,package://ShipComponent400WeldingSceneURDF/meshes/E16.STL,,WeldPointEnd-9,Origin_jf32,Axis_jf32,jf32,fixed,0.0874999999999999,-0.00749999999999999,0.0125,1.5707963267949,0,0,base_link,0,0,0,,,,,,,,,,,,
S17,8.67361737988404E-19,0,1.73472347597681E-18,0,0,0,0.0001275,5.3125E-10,1.81293630285554E-42,0,5.3125E-10,0,5.3125E-10,0,0,0,0,0,0,package://ShipComponent400WeldingSceneURDF/meshes/S17.STL,0.694117647058824,0.0980392156862745,0.0980392156862745,1,0,0,0,0,0,0,package://ShipComponent400WeldingSceneURDF/meshes/S17.STL,,WeldPointStart-7,Origin_jf33,Axis_jf33,jf33,fixed,0.00749999999999993,-0.0075,0.0175,1.5707963267949,0,0,base_link,0,0,0,,,,,,,,,,,,
E17,1.73472347597681E-18,0,8.67361737988404E-19,0,0,0,0.0001275,5.31250000000001E-10,3.51551760335037E-26,3.89091863510653E-26,5.31250000000001E-10,-1.06657991671567E-26,5.31250000000001E-10,0,0,0,0,0,0,package://ShipComponent400WeldingSceneURDF/meshes/E17.STL,0.00784313725490196,0.23921568627451,0.823529411764706,1,0,0,0,0,0,0,package://ShipComponent400WeldingSceneURDF/meshes/E17.STL,,WeldPointEnd-10,Origin_jf34,Axis_jf34,jf34,fixed,0.00749999999999992,-0.0075,0.0575,1.5707963267949,0,0,base_link,0,0,0,,,,,,,,,,,,
S18,8.67361737988404E-19,-1.73472347597681E-18,-1.38777878078145E-17,0,0,0,0.0001275,5.31249999999998E-10,4.42405682311528E-26,-1.47026773452727E-25,5.31249999999998E-10,3.27835928690518E-26,5.31249999999999E-10,0,0,0,0,0,0,package://ShipComponent400WeldingSceneURDF/meshes/S18.STL,0.694117647058824,0.0980392156862745,0.0980392156862745,1,0,0,0,0,0,0,package://ShipComponent400WeldingSceneURDF/meshes/S18.STL,,WeldPointStart-11,Origin_jf35,Axis_jf35,jf35,fixed,-0.0875,-0.00749999999999963,0.0125,-1.5707963267949,0,-1.5707963267949,base_link,0,0,0,,,,,,,,,,,,
E18,-8.67361737988404E-19,-1.73472347597681E-18,-1.73472347597681E-18,0,0,0,0.0001275,5.3125E-10,1.78994979327693E-26,-3.45193827247494E-26,5.3125E-10,2.73218847204871E-26,5.3125E-10,0,0,0,0,0,0,package://ShipComponent400WeldingSceneURDF/meshes/E18.STL,0.00784313725490196,0.23921568627451,0.823529411764706,1,0,0,0,0,0,0,package://ShipComponent400WeldingSceneURDF/meshes/E18.STL,,WeldPointEnd-14,Origin_jf36,Axis_jf36,jf36,fixed,-0.00750000000000003,-0.0074999999999999,0.0125,-1.5707963267949,0,-1.5707963267949,base_link,0,0,0,,,,,,,,,,,,
S19,1.73472347597681E-18,-1.73472347597681E-18,0,0,0,0,0.0001275,5.3125E-10,5.37442778993462E-26,-3.180465570763E-27,5.3125E-10,1.05981456192365E-26,5.3125E-10,0,0,0,0,0,0,package://ShipComponent400WeldingSceneURDF/meshes/S19.STL,0.694117647058824,0.0980392156862745,0.0980392156862745,1,0,0,0,0,0,0,package://ShipComponent400WeldingSceneURDF/meshes/S19.STL,,WeldPointStart-14,Origin_jf37,Axis_jf37,jf37,fixed,-0.00750000000000004,-0.0124999999999999,0.0125,-1.5707963267949,0,-1.5707963267949,base_link,0,0,0,,,,,,,,,,,,
E19,1.38777878078145E-17,-1.73472347597681E-18,-8.67361737988404E-19,0,0,0,0.0001275,5.31249999999999E-10,3.49993782944622E-27,1.08119509754993E-25,5.31249999999998E-10,1.20482263202657E-26,5.31249999999998E-10,0,0,0,0,0,0,package://ShipComponent400WeldingSceneURDF/meshes/E19.STL,0.00784313725490196,0.23921568627451,0.823529411764706,1,0,0,0,0,0,0,package://ShipComponent400WeldingSceneURDF/meshes/E19.STL,,WeldPointEnd-11,Origin_jf38,Axis_jf38,jf38,fixed,-0.0075000000000003,-0.0874999999999999,0.0125,-1.5707963267949,0,-1.5707963267949,base_link,0,0,0,,,,,,,,,,,,
S20,-8.67361737988404E-19,0,-1.73472347597681E-18,0,0,0,0.0001275,5.3125E-10,-3.43210040154383E-27,-2.89998790933395E-26,5.3125E-10,1.83637833843341E-26,5.3125E-10,0,0,0,0,0,0,package://ShipComponent400WeldingSceneURDF/meshes/S20.STL,0.694117647058824,0.0980392156862745,0.0980392156862745,1,0,0,0,0,0,0,package://ShipComponent400WeldingSceneURDF/meshes/S20.STL,,WeldPointStart-8,Origin_jf39,Axis_jf39,jf39,fixed,-0.00750000000000003,-0.0074999999999999,0.0175,-1.5707963267949,0,-1.5707963267949,base_link,0,0,0,,,,,,,,,,,,
E20,8.67361737988404E-19,0,-8.67361737988404E-19,0,0,0,0.0001275,5.31250000000001E-10,-1.98577236100301E-26,-1.91669767302141E-26,5.31250000000001E-10,2.100632765642E-26,5.31250000000001E-10,0,0,0,0,0,0,package://ShipComponent400WeldingSceneURDF/meshes/E20.STL,0.00784313725490196,0.23921568627451,0.823529411764706,1,0,0,0,0,0,0,package://ShipComponent400WeldingSceneURDF/meshes/E20.STL,,WeldPointEnd-17,Origin_jf40,Axis_jf40,jf40,fixed,-0.00750000000000004,-0.00749999999999991,0.0575,-1.5707963267949,0,-1.5707963267949,base_link,0,0,0,,,,,,,,,,,,
